setup_id,setup_params,true_mean,pred_mean,relative_error,n_samples
0,"[0.0010000000474974513, 0.029999999329447746, 0.029999999329447746, 7.0, 29.0, 20.0]",0.15311768651008606,0.14699991047382355,0.0399547287851181,500
1,"[0.0010000000474974513, 0.029999999329447746, 0.05000000074505806, 1.0, 13.0, 40.0]",0.11627307534217834,0.17422546446323395,0.49841619795766473,500
2,"[0.0010000000474974513, 0.05000000074505806, 0.0007999999797903001, 17.0, 65.0, 10.0]",0.013895036652684212,0.04965868219733238,2.5738413435077914,500
3,"[0.0010000000474974513, 0.10000000149011612, 0.029999999329447746, 13.0, 35.0, 10.0]",0.3966541886329651,0.31875941157341003,0.19637956015091423,500
4,"[0.0010000000474974513, 0.10000000149011612, 0.10000000149011612, 9.0, 45.0, 20.0]",0.414321631193161,0.3616460859775543,0.12713684243939555,500
5,"[0.0010000000474974513, 0.15000000596046448, 0.009999999776482582, 5.0, 29.0, 30.0]",0.03682485222816467,0.058332812041044235,0.584060835845563,500
6,"[0.0010000000474974513, 0.15000000596046448, 0.029999999329447746, 5.0, 5.0, 30.0]",0.23458991944789886,0.1437556892633438,0.3872043032637036,500
7,"[0.0010000000474974513, 0.20000000298023224, 0.0005000000237487257, 23.0, 63.0, 10.0]",0.02223815582692623,0.057740163058042526,1.5964449364852764,500
8,"[0.0010000000474974513, 0.25, 0.05000000074505806, 13.0, 53.0, 20.0]",0.2059060037136078,0.18812726438045502,0.08634395378991216,500
9,"[0.0010000000474974513, 0.30000001192092896, 0.029999999329447746, 1.0, 47.0, 30.0]",0.35942375659942627,0.354108065366745,0.014789481738990156,500
10,"[0.0010000000474974513, 0.6499999761581421, 0.00800000037997961, 1.0, 5.0, 60.0]",0.31172311305999756,0.34318193793296814,0.10091912516517319,500
11,"[0.0010000000474974513, 0.800000011920929, 0.00800000037997961, 1.0, 5.0, 60.0]",0.331760972738266,0.3685407042503357,0.11086213697734942,500
12,"[0.0010000000474974513, 0.800000011920929, 0.05000000074505806, 1.0, 5.0, 60.0]",0.337324857711792,0.3726660907268524,0.10476913028913044,500
13,"[0.004999999888241291, 0.004999999888241291, 0.029999999329447746, 3.0, 13.0, 30.0]",0.049236640334129333,0.08391857147216797,0.7043925795658399,500
14,"[0.004999999888241291, 0.009999999776482582, 0.00019999999494757503, 25.0, 69.0, 10.0]",0.003465424058958888,0.03162017837166786,8.124452473687363,500
15,"[0.004999999888241291, 0.009999999776482582, 0.029999999329447746, 3.0, 11.0, 40.0]",0.025328418239951134,0.046262986958026886,0.8265245880932776,500
16,"[0.004999999888241291, 0.07999999821186066, 0.0007999999797903001, 5.0, 99.0, 10.0]",0.1373099982738495,0.11352433264255524,0.1732260155709582,500
17,"[0.004999999888241291, 0.15000000596046448, 0.05000000074505806, 7.0, 25.0, 30.0]",0.0533313974738121,0.15201003849506378,1.8502913329206043,500
18,"[0.004999999888241291, 0.15000000596046448, 0.07000000029802322, 1.0, 19.0, 40.0]",0.22846098244190216,0.2618444859981537,0.14612342877194226,500
19,"[0.004999999888241291, 0.44999998807907104, 0.029999999329447746, 5.0, 93.0, 10.0]",0.3339656591415405,0.3321914076805115,0.005312676196897034,500
20,"[0.004999999888241291, 0.5, 0.029999999329447746, 7.0, 27.0, 30.0]",0.08042222261428833,0.11429940909147263,0.4212415569170043,500
21,"[0.004999999888241291, 0.6000000238418579, 0.029999999329447746, 5.0, 7.0, 40.0]",0.11636065691709518,0.11440415680408478,0.01681410191988996,500
22,"[0.004999999888241291, 0.6499999761581421, 0.00800000037997961, 13.0, 7.0, 10.0]",0.4935730993747711,0.47098976373672485,0.04575479338137664,500
23,"[0.004999999888241291, 0.75, 0.00019999999494757503, 3.0, 75.0, 10.0]",0.44586634635925293,0.4881603419780731,0.0948580107370608,500
24,"[0.004999999888241291, 0.800000011920929, 0.0020000000949949026, 5.0, 45.0, 30.0]",0.1422269642353058,0.1723436713218689,0.2117510215519095,500
25,"[0.004999999888241291, 0.8999999761581421, 0.00019999999494757503, 1.0, 47.0, 20.0]",0.5750662684440613,0.6013134121894836,0.04564194551006961,500
26,"[0.004999999888241291, 1.0, 0.00019999999494757503, 5.0, 7.0, 40.0]",0.12121930718421936,0.16134825348854065,0.33104415398856396,500
27,"[0.004999999888241291, 1.0, 0.10000000149011612, 1.0, 5.0, 60.0]",0.37413135170936584,0.399992972612381,0.06912444010268527,500
28,"[0.009999999776482582, 0.0010000000474974513, 0.10000000149011612, 3.0, 27.0, 10.0]",0.5280338525772095,0.5869287848472595,0.11153627909883977,500
29,"[0.009999999776482582, 0.004999999888241291, 0.009999999776482582, 11.0, 69.0, 20.0]",0.038359738886356354,0.031352024525403976,0.1826840520179957,500
30,"[0.009999999776482582, 0.009999999776482582, 0.0010000000474974513, 13.0, 13.0, 10.0]",0.14032496511936188,0.06452695280313492,0.5401605256067381,500
31,"[0.009999999776482582, 0.009999999776482582, 0.009999999776482582, 3.0, 15.0, 15.0]",0.17050544917583466,0.09957996010780334,0.4159719542756049,500
32,"[0.009999999776482582, 0.029999999329447746, 0.10000000149011612, 3.0, 5.0, 60.0]",0.040430959314107895,0.07278759777545929,0.800293413941499,500
33,"[0.009999999776482582, 0.05000000074505806, 0.00019999999494757503, 1.0, 5.0, 60.0]",0.06001657620072365,0.0733841061592102,0.22273059506882412,500
34,"[0.009999999776482582, 0.05000000074505806, 0.029999999329447746, 3.0, 21.0, 40.0]",0.024663640186190605,0.0558108352124691,1.2628785597890972,500
35,"[0.009999999776482582, 0.07999999821186066, 0.009999999776482582, 1.0, 5.0, 60.0]",0.09946345537900925,0.14077582955360413,0.4153522503682386,500
36,"[0.009999999776482582, 0.10000000149011612, 0.004999999888241291, 3.0, 5.0, 20.0]",0.2630375623703003,0.20926454663276672,0.20443093073347232,500
37,"[0.009999999776482582, 0.25, 0.00019999999494757503, 3.0, 5.0, 60.0]",0.03806506097316742,0.052579328417778015,0.3813014680792766,500
38,"[0.009999999776482582, 0.3499999940395355, 0.0010000000474974513, 13.0, 85.0, 15.0]",0.05471912398934364,0.07299228012561798,0.33394454195552453,500
39,"[0.009999999776482582, 0.4000000059604645, 9.999999747378752e-05, 5.0, 25.0, 20.0]",0.1565210074186325,0.16934889554977417,0.08195632984439451,500
40,"[0.009999999776482582, 0.5, 0.0007999999797903001, 3.0, 47.0, 15.0]",0.32470446825027466,0.3234153687953949,0.003970069836505775,500
41,"[0.009999999776482582, 0.550000011920929, 0.10000000149011612, 5.0, 21.0, 40.0]",0.12783873081207275,0.1523454636335373,0.19170036145373381,500
42,"[0.009999999776482582, 0.699999988079071, 0.029999999329447746, 7.0, 43.0, 30.0]",0.08598510921001434,0.12069136649370193,0.40363097245837737,500
43,"[0.009999999776482582, 0.699999988079071, 0.05000000074505806, 3.0, 23.0, 30.0]",0.23462164402008057,0.268675297498703,0.14514284123028084,500
44,"[0.009999999776482582, 0.699999988079071, 0.05000000074505806, 7.0, 79.0, 10.0]",0.3560393750667572,0.39430510997772217,0.10747612909114018,500
45,"[0.009999999776482582, 0.8999999761581421, 0.0007999999797903001, 3.0, 5.0, 40.0]",0.1963655948638916,0.23282361030578613,0.18566395814157452,500
46,"[0.009999999776482582, 0.8999999761581421, 0.0020000000949949026, 3.0, 5.0, 60.0]",0.12165257334709167,0.1423976570367813,0.17052727627247372,500
47,"[0.009999999776482582, 1.0, 0.05000000074505806, 21.0, 65.0, 10.0]",0.3618793785572052,0.36520978808403015,0.009203092610781524,500
48,"[0.029999999329447746, 0.004999999888241291, 0.0010000000474974513, 13.0, 55.0, 20.0]",0.005550547502934933,0.018287241458892822,2.29466931010501,500
49,"[0.029999999329447746, 0.10000000149011612, 9.999999747378752e-05, 5.0, 13.0, 40.0]",0.016037972643971443,0.030779724940657616,0.9191774691330947,500
50,"[0.029999999329447746, 0.10000000149011612, 0.00800000037997961, 1.0, 5.0, 60.0]",0.1216166689991951,0.1753627508878708,0.44193018861361444,500
51,"[0.029999999329447746, 0.30000001192092896, 0.05000000074505806, 3.0, 13.0, 30.0]",0.1916288286447525,0.20787721872329712,0.08479094375072839,500
52,"[0.029999999329447746, 0.44999998807907104, 0.0005000000237487257, 3.0, 23.0, 40.0]",0.14702200889587402,0.15699349343776703,0.06782306906664878,500
53,"[0.029999999329447746, 0.44999998807907104, 0.0007999999797903001, 3.0, 13.0, 40.0]",0.1509181261062622,0.14894907176494598,0.013047168432624972,500
54,"[0.029999999329447746, 0.44999998807907104, 0.0010000000474974513, 5.0, 97.0, 20.0]",0.16923803091049194,0.19174474477767944,0.1329885039208829,500
55,"[0.029999999329447746, 0.44999998807907104, 0.10000000149011612, 1.0, 27.0, 30.0]",0.4114137887954712,0.42385005950927734,0.030228132236246836,500
56,"[0.029999999329447746, 0.5, 0.05000000074505806, 7.0, 9.0, 20.0]",0.3310657739639282,0.34804344177246094,0.0512818558452496,500
57,"[0.029999999329447746, 0.5, 0.05000000074505806, 11.0, 71.0, 15.0]",0.21105296909809113,0.2757558226585388,0.30657161930121696,500
58,"[0.029999999329447746, 0.550000011920929, 9.999999747378752e-05, 5.0, 27.0, 15.0]",0.23612818121910095,0.2522132396697998,0.06812002568458118,500
59,"[0.029999999329447746, 0.699999988079071, 0.00800000037997961, 3.0, 5.0, 60.0]",0.09703372418880463,0.11181048303842545,0.15228475924536464,500
60,"[0.029999999329447746, 0.8999999761581421, 9.999999747378752e-05, 3.0, 5.0, 60.0]",0.11722954362630844,0.1437036544084549,0.22583137070143364,500
61,"[0.029999999329447746, 0.8999999761581421, 0.00019999999494757503, 1.0, 21.0, 40.0]",0.4109082520008087,0.3699597120285034,0.09965372750822106,500
62,"[0.029999999329447746, 0.8999999761581421, 0.07000000029802322, 5.0, 11.0, 30.0]",0.22883926331996918,0.24318037927150726,0.06266894551568496,500
63,"[0.05000000074505806, 0.004999999888241291, 0.00800000037997961, 5.0, 81.0, 10.0]",0.09606461971998215,0.11670512706041336,0.21486063497664049,500
64,"[0.05000000074505806, 0.004999999888241291, 0.00800000037997961, 13.0, 29.0, 20.0]",0.030516698956489563,0.03618210181593895,0.1856492083575285,500
65,"[0.05000000074505806, 0.009999999776482582, 0.07000000029802322, 1.0, 13.0, 40.0]",0.09910086542367935,0.18361796438694,0.8528390753555944,500
66,"[0.05000000074505806, 0.009999999776482582, 0.07000000029802322, 17.0, 23.0, 10.0]",0.5707964301109314,0.5075247883796692,0.11084799638723339,500
67,"[0.05000000074505806, 0.029999999329447746, 0.0007999999797903001, 19.0, 45.0, 10.0]",0.02809271588921547,0.0500582717359066,0.7818947841983358,500
68,"[0.05000000074505806, 0.07999999821186066, 0.0005000000237487257, 3.0, 13.0, 40.0]",0.03605830296874046,0.050968728959560394,0.41350869642032395,500
69,"[0.05000000074505806, 0.15000000596046448, 0.0010000000474974513, 1.0, 45.0, 30.0]",0.27563923597335815,0.25278836488723755,0.08290136988812272,500
70,"[0.05000000074505806, 0.20000000298023224, 0.0007999999797903001, 3.0, 17.0, 40.0]",0.07755235582590103,0.08455226570367813,0.09026042988155059,500
71,"[0.05000000074505806, 0.25, 0.00019999999494757503, 7.0, 91.0, 20.0]",0.07439813762903214,0.08284255862236023,0.11350310810739672,500
72,"[0.05000000074505806, 0.30000001192092896, 0.00800000037997961, 1.0, 5.0, 60.0]",0.24765516817569733,0.27373385429382324,0.10530240599138438,500
73,"[0.05000000074505806, 0.30000001192092896, 0.07000000029802322, 1.0, 5.0, 60.0]",0.2604106664657593,0.279709130525589,0.07410780664504443,500
74,"[0.05000000074505806, 0.4000000059604645, 0.0007999999797903001, 1.0, 53.0, 10.0]",0.6237080097198486,0.6255447268486023,0.002944834875746285,500
75,"[0.05000000074505806, 0.44999998807907104, 0.00019999999494757503, 11.0, 53.0, 10.0]",0.15739372372627258,0.15404202044010162,0.021295023676101307,500
76,"[0.05000000074505806, 0.44999998807907104, 0.009999999776482582, 5.0, 17.0, 40.0]",0.06798144429922104,0.07751668989658356,0.14026245386562403,500
77,"[0.05000000074505806, 0.5, 9.999999747378752e-05, 9.0, 75.0, 15.0]",0.13766182959079742,0.14962232112884521,0.08688313023856568,500
78,"[0.05000000074505806, 0.550000011920929, 0.0010000000474974513, 11.0, 65.0, 15.0]",0.10863611102104187,0.11394085735082626,0.04883040999555673,500
79,"[0.05000000074505806, 0.550000011920929, 0.009999999776482582, 1.0, 5.0, 60.0]",0.30974194407463074,0.3248009979724884,0.048618063196661,500
80,"[0.05000000074505806, 0.800000011920929, 0.009999999776482582, 3.0, 23.0, 40.0]",0.1878213733434677,0.21390077471733093,0.1388521419106577,500
81,"[0.05000000074505806, 1.0, 0.004999999888241291, 5.0, 15.0, 30.0]",0.17431096732616425,0.20256003737449646,0.16206133705207562,500
82,"[0.05000000074505806, 1.0, 0.05000000074505806, 11.0, 13.0, 15.0]",0.386933296918869,0.3506968021392822,0.09365049255680838,500
83,"[0.07999999821186066, 0.10000000149011612, 9.999999747378752e-05, 11.0, 81.0, 20.0]",0.022586418315768242,0.04417689889669418,0.9559050363820913,500
84,"[0.07999999821186066, 0.30000001192092896, 0.0010000000474974513, 15.0, 39.0, 15.0]",0.04981163144111633,0.06505176424980164,0.3059552419428111,500
85,"[0.07999999821186066, 0.3499999940395355, 0.029999999329447746, 5.0, 41.0, 15.0]",0.2548884153366089,0.2675212025642395,0.04956202782039865,500
86,"[0.07999999821186066, 0.5, 0.029999999329447746, 13.0, 79.0, 10.0]",0.2733057141304016,0.314075231552124,0.14917183879496854,500
87,"[0.07999999821186066, 0.550000011920929, 0.029999999329447746, 5.0, 13.0, 40.0]",0.09582152217626572,0.11179734021425247,0.1667247191226175,500
88,"[0.07999999821186066, 1.0, 9.999999747378752e-05, 3.0, 5.0, 60.0]",0.13572029769420624,0.17580319941043854,0.2953345921270955,500
89,"[0.10000000149011612, 0.0010000000474974513, 0.10000000149011612, 15.0, 21.0, 10.0]",0.6307381987571716,0.5835306644439697,0.07484489390015116,500
90,"[0.10000000149011612, 0.05000000074505806, 0.0005000000237487257, 1.0, 49.0, 15.0]",0.3074895143508911,0.283895879983902,0.0767298802025701,500
91,"[0.10000000149011612, 0.05000000074505806, 0.00800000037997961, 3.0, 7.0, 40.0]",0.049332328140735626,0.05548658221960068,0.12475091006852652,500
92,"[0.10000000149011612, 0.07999999821186066, 0.05000000074505806, 7.0, 43.0, 30.0]",0.08543582260608673,0.12705324590206146,0.4871190696748681,500
93,"[0.10000000149011612, 0.10000000149011612, 0.029999999329447746, 7.0, 89.0, 15.0]",0.19385631382465363,0.241496279835701,0.2457488364121592,500
94,"[0.10000000149011612, 0.20000000298023224, 0.0007999999797903001, 1.0, 71.0, 10.0]",0.5270604491233826,0.5077151656150818,0.036704107040160514,500
95,"[0.10000000149011612, 0.20000000298023224, 0.009999999776482582, 3.0, 81.0, 20.0]",0.19120626151561737,0.23659920692443848,0.2374030153352658,500
96,"[0.10000000149011612, 0.25, 0.00800000037997961, 7.0, 83.0, 10.0]",0.20596100389957428,0.23873579502105713,0.15913104378804283,500
97,"[0.10000000149011612, 0.25, 0.05000000074505806, 7.0, 65.0, 15.0]",0.24651797115802765,0.3003822863101959,0.21850055277565797,500
98,"[0.10000000149011612, 0.6499999761581421, 0.0010000000474974513, 3.0, 5.0, 40.0]",0.18048658967018127,0.19453199207782745,0.07781964108866007,500
99,"[0.10000000149011612, 0.75, 0.0020000000949949026, 7.0, 5.0, 15.0]",0.3150244653224945,0.3009359836578369,0.0447218637543481,500
100,"[0.10000000149011612, 0.800000011920929, 0.00019999999494757503, 3.0, 5.0, 60.0]",0.11517766863107681,0.12906353175640106,0.12056036629980853,500
101,"[0.15000000596046448, 0.004999999888241291, 9.999999747378752e-05, 1.0, 17.0, 30.0]",0.04901299253106117,0.1685834378004074,2.439565811002304,500
102,"[0.15000000596046448, 0.029999999329447746, 0.0020000000949949026, 1.0, 5.0, 60.0]",0.04701065272092819,0.06957633793354034,0.48001206336039093,500
103,"[0.15000000596046448, 0.07999999821186066, 0.10000000149011612, 15.0, 71.0, 15.0]",0.39185813069343567,0.4578360915184021,0.16837205604102354,500
104,"[0.15000000596046448, 0.15000000596046448, 0.0020000000949949026, 3.0, 21.0, 40.0]",0.06866089999675751,0.08634181320667267,0.2575106157309907,500
105,"[0.15000000596046448, 0.20000000298023224, 0.0005000000237487257, 5.0, 31.0, 30.0]",0.07213589549064636,0.07644020020961761,0.059669379481614444,500
106,"[0.15000000596046448, 0.25, 0.009999999776482582, 9.0, 75.0, 20.0]",0.06935349851846695,0.09774341434240341,0.40935082348973023,500
107,"[0.15000000596046448, 0.30000001192092896, 0.009999999776482582, 5.0, 63.0, 15.0]",0.21298016607761383,0.21646177768707275,0.016347115837626883,500
108,"[0.15000000596046448, 0.30000001192092896, 0.10000000149011612, 5.0, 21.0, 10.0]",0.5647933483123779,0.6111487150192261,0.08207491470041287,500
109,"[0.15000000596046448, 0.4000000059604645, 0.0005000000237487257, 3.0, 5.0, 60.0]",0.06790477782487869,0.08434697240591049,0.24213601290434741,500
110,"[0.15000000596046448, 0.4000000059604645, 0.05000000074505806, 11.0, 59.0, 20.0]",0.17452244460582733,0.2162158191204071,0.23889977142911228,500
111,"[0.15000000596046448, 0.44999998807907104, 0.07000000029802322, 11.0, 19.0, 10.0]",0.5108428597450256,0.540962815284729,0.058961291864046146,500
112,"[0.15000000596046448, 0.6000000238418579, 0.0005000000237487257, 1.0, 53.0, 20.0]",0.47985321283340454,0.519852876663208,0.08335812270597284,500
113,"[0.15000000596046448, 0.6000000238418579, 0.004999999888241291, 25.0, 75.0, 10.0]",0.10347399860620499,0.11443457007408142,0.10592584181781826,500
114,"[0.15000000596046448, 0.6000000238418579, 0.10000000149011612, 3.0, 5.0, 60.0]",0.15889610350131989,0.15007340908050537,0.055524922708328095,500
115,"[0.15000000596046448, 0.6499999761581421, 0.00019999999494757503, 1.0, 25.0, 30.0]",0.39205402135849,0.43277156352996826,0.10385696591459505,500
116,"[0.15000000596046448, 0.6499999761581421, 0.009999999776482582, 3.0, 5.0, 60.0]",0.10576125234365463,0.1183519959449768,0.11904872655935714,500
117,"[0.15000000596046448, 0.800000011920929, 0.004999999888241291, 3.0, 9.0, 10.0]",0.5555267333984375,0.5241150856018066,0.056543898506973674,500
118,"[0.15000000596046448, 0.8999999761581421, 9.999999747378752e-05, 1.0, 39.0, 30.0]",0.4933713674545288,0.47742411494255066,0.03232301921172538,500
119,"[0.15000000596046448, 0.8999999761581421, 0.004999999888241291, 1.0, 15.0, 40.0]",0.3335724174976349,0.3740953505039215,0.12148166234924779,500
120,"[0.20000000298023224, 0.004999999888241291, 0.00800000037997961, 3.0, 15.0, 40.0]",0.028686825186014175,0.04718698933720589,0.6449008414916114,500
121,"[0.20000000298023224, 0.05000000074505806, 0.0007999999797903001, 1.0, 25.0, 20.0]",0.27144289016723633,0.2928723692893982,0.07894654496013392,500
122,"[0.20000000298023224, 0.05000000074505806, 0.004999999888241291, 3.0, 31.0, 30.0]",0.061958469450473785,0.07805615663528442,0.25981410982944225,500
123,"[0.20000000298023224, 0.15000000596046448, 0.0005000000237487257, 5.0, 7.0, 40.0]",0.04282914474606514,0.0562414824962616,0.31315905788284776,500
124,"[0.20000000298023224, 0.15000000596046448, 0.0007999999797903001, 3.0, 57.0, 20.0]",0.17606186866760254,0.1822911500930786,0.03538120502074556,500
125,"[0.20000000298023224, 0.15000000596046448, 0.07000000029802322, 5.0, 7.0, 30.0]",0.25387653708457947,0.27713119983673096,0.09159831035674261,500
126,"[0.20000000298023224, 0.4000000059604645, 0.0007999999797903001, 3.0, 25.0, 20.0]",0.272026926279068,0.27009737491607666,0.00709323638822237,500
127,"[0.20000000298023224, 0.6499999761581421, 0.0010000000474974513, 3.0, 5.0, 60.0]",0.09070027619600296,0.1193293109536171,0.31564437068860957,500
128,"[0.20000000298023224, 0.6499999761581421, 0.10000000149011612, 1.0, 75.0, 10.0]",0.6737037301063538,0.7075454592704773,0.05023236053102679,500
129,"[0.20000000298023224, 0.8999999761581421, 0.0010000000474974513, 3.0, 11.0, 30.0]",0.2521718740463257,0.29060420393943787,0.15240529307403639,500
130,"[0.25, 0.029999999329447746, 0.009999999776482582, 1.0, 5.0, 60.0]",0.0591932013630867,0.07892657071352005,0.3333721704908076,500
131,"[0.25, 0.07999999821186066, 0.00019999999494757503, 5.0, 13.0, 30.0]",0.049531709402799606,0.06697196513414383,0.35210277255908207,500
132,"[0.25, 0.10000000149011612, 0.0007999999797903001, 5.0, 35.0, 10.0]",0.20179125666618347,0.20048975944519043,0.006449720260421702,500
133,"[0.25, 0.20000000298023224, 0.07000000029802322, 1.0, 19.0, 30.0]",0.35856130719184875,0.3778265118598938,0.053729177533496084,500
134,"[0.25, 0.25, 0.004999999888241291, 5.0, 13.0, 30.0]",0.09821721911430359,0.0982382670044899,0.00021429936861499756,500
135,"[0.25, 0.44999998807907104, 0.0020000000949949026, 5.0, 19.0, 40.0]",0.08384811133146286,0.09359971433877945,0.11630079305852538,500
136,"[0.25, 0.6000000238418579, 0.00800000037997961, 7.0, 29.0, 20.0]",0.17330732941627502,0.19663874804973602,0.13462452722455204,500
137,"[0.25, 0.6499999761581421, 0.029999999329447746, 11.0, 69.0, 10.0]",0.32014915347099304,0.34709835052490234,0.0841770028749459,500
138,"[0.25, 0.699999988079071, 9.999999747378752e-05, 1.0, 13.0, 40.0]",0.45414549112319946,0.3481999635696411,0.23328542788937087,500
139,"[0.25, 0.699999988079071, 0.004999999888241291, 9.0, 23.0, 10.0]",0.34457340836524963,0.32871702313423157,0.04601743601188126,500
140,"[0.25, 0.699999988079071, 0.05000000074505806, 1.0, 5.0, 60.0]",0.34125736355781555,0.361692875623703,0.05988299052071701,500
141,"[0.25, 0.699999988079071, 0.07000000029802322, 1.0, 19.0, 30.0]",0.43324750661849976,0.4538200795650482,0.04748457211507536,500
142,"[0.25, 0.8999999761581421, 0.00800000037997961, 3.0, 5.0, 60.0]",0.14438021183013916,0.16588890552520752,0.14897257686979432,500
143,"[0.30000001192092896, 0.05000000074505806, 0.004999999888241291, 1.0, 19.0, 40.0]",0.1716093122959137,0.18061226606369019,0.052461915514428116,500
144,"[0.30000001192092896, 0.05000000074505806, 0.00800000037997961, 1.0, 5.0, 60.0]",0.08347921073436737,0.10000872611999512,0.19800754295760634,500
145,"[0.30000001192092896, 0.15000000596046448, 0.00800000037997961, 5.0, 47.0, 30.0]",0.07711941748857498,0.09899016469717026,0.2835958191187994,500
146,"[0.30000001192092896, 0.3499999940395355, 0.07000000029802322, 7.0, 67.0, 20.0]",0.25226548314094543,0.2944324016571045,0.16715293872000012,500
147,"[0.30000001192092896, 0.44999998807907104, 0.10000000149011612, 3.0, 21.0, 30.0]",0.27172836661338806,0.2856353521347046,0.051179732108373885,500
148,"[0.30000001192092896, 0.6000000238418579, 0.0020000000949949026, 3.0, 7.0, 30.0]",0.23529069125652313,0.2797958254814148,0.18914956684314704,500
149,"[0.30000001192092896, 0.6000000238418579, 0.07000000029802322, 1.0, 5.0, 60.0]",0.3418256938457489,0.3535136580467224,0.034192759846543845,500
150,"[0.30000001192092896, 0.6499999761581421, 0.00800000037997961, 5.0, 13.0, 40.0]",0.11574351042509079,0.13876697421073914,0.198917949800474,500
151,"[0.30000001192092896, 0.699999988079071, 0.009999999776482582, 15.0, 11.0, 10.0]",0.4418615400791168,0.4362354874610901,0.012732614134493869,500
152,"[0.30000001192092896, 0.699999988079071, 0.05000000074505806, 15.0, 35.0, 10.0]",0.41831642389297485,0.4316187798976898,0.031799745185527035,500
153,"[0.30000001192092896, 0.75, 0.05000000074505806, 3.0, 5.0, 60.0]",0.14608410000801086,0.16344186663627625,0.11882036059441049,500
154,"[0.30000001192092896, 0.8999999761581421, 0.004999999888241291, 3.0, 5.0, 60.0]",0.1448502540588379,0.16950413584709167,0.17020253258385104,500
155,"[0.30000001192092896, 1.0, 0.004999999888241291, 1.0, 15.0, 10.0]",0.6868928670883179,0.779030978679657,0.1341375266284678,500
156,"[0.30000001192092896, 1.0, 0.05000000074505806, 5.0, 7.0, 40.0]",0.2184945046901703,0.21154209971427917,0.031819585886399784,500
157,"[0.3499999940395355, 0.0010000000474974513, 0.00800000037997961, 5.0, 43.0, 30.0]",0.05992159992456436,0.0755205750465393,0.2603230310669653,500
158,"[0.3499999940395355, 0.0010000000474974513, 0.009999999776482582, 5.0, 15.0, 40.0]",0.04583251476287842,0.05579270049929619,0.21731697714556017,500
159,"[0.3499999940395355, 0.004999999888241291, 0.009999999776482582, 5.0, 23.0, 30.0]",0.06613792479038239,0.06824769079685211,0.031899484209121746,500
160,"[0.3499999940395355, 0.009999999776482582, 0.00800000037997961, 1.0, 17.0, 30.0]",0.10939665138721466,0.20743827521800995,0.8962030704371527,500
161,"[0.3499999940395355, 0.10000000149011612, 0.0010000000474974513, 1.0, 5.0, 60.0]",0.1368074119091034,0.18066805601119995,0.3206013496200384,500
162,"[0.3499999940395355, 0.20000000298023224, 0.0005000000237487257, 1.0, 37.0, 20.0]",0.3947461247444153,0.39787933230400085,0.007937272296824937,500
163,"[0.3499999940395355, 0.20000000298023224, 0.029999999329447746, 1.0, 23.0, 40.0]",0.271377831697464,0.27402231097221375,0.009744639644152894,500
164,"[0.3499999940395355, 0.25, 9.999999747378752e-05, 3.0, 21.0, 10.0]",0.3601459562778473,0.37895944714546204,0.05223851612737602,500
165,"[0.3499999940395355, 0.3499999940395355, 0.0010000000474974513, 3.0, 9.0, 40.0]",0.14610879123210907,0.1685601770877838,0.15366210431094002,500
166,"[0.3499999940395355, 0.4000000059604645, 0.07000000029802322, 3.0, 47.0, 15.0]",0.4052608013153076,0.3876904547214508,0.04335565172667644,500
167,"[0.3499999940395355, 0.6000000238418579, 0.0007999999797903001, 5.0, 7.0, 15.0]",0.31440311670303345,0.3614787757396698,0.14973025087343114,500
168,"[0.3499999940395355, 0.6000000238418579, 0.0010000000474974513, 11.0, 83.0, 15.0]",0.15645578503608704,0.16513441503047943,0.05547017285227844,500
169,"[0.3499999940395355, 0.6499999761581421, 0.00800000037997961, 11.0, 7.0, 15.0]",0.35139572620391846,0.2995823919773102,0.1474500936930563,500
170,"[0.3499999940395355, 0.699999988079071, 0.05000000074505806, 3.0, 41.0, 15.0]",0.42741602659225464,0.44240015745162964,0.03505748398876649,500
171,"[0.3499999940395355, 0.75, 0.004999999888241291, 7.0, 27.0, 30.0]",0.131067156791687,0.14989951252937317,0.14368477017297215,500
172,"[0.3499999940395355, 0.75, 0.10000000149011612, 5.0, 9.0, 30.0]",0.32340630888938904,0.33205515146255493,0.026742960999855906,500
173,"[0.4000000059604645, 0.0010000000474974513, 0.07000000029802322, 1.0, 5.0, 60.0]",0.06693243980407715,0.10247769206762314,0.5310615757766687,500
174,"[0.4000000059604645, 0.009999999776482582, 9.999999747378752e-05, 3.0, 39.0, 30.0]",0.08084620535373688,0.08394860476255417,0.03837408337846074,500
175,"[0.4000000059604645, 0.029999999329447746, 0.00019999999494757503, 1.0, 7.0, 30.0]",0.19084098935127258,0.21763424575328827,0.14039570371720034,500
176,"[0.4000000059604645, 0.07999999821186066, 0.009999999776482582, 5.0, 9.0, 40.0]",0.06506006419658661,0.07703796774148941,0.1841052856581468,500
177,"[0.4000000059604645, 0.10000000149011612, 0.00019999999494757503, 3.0, 5.0, 60.0]",0.04047517105937004,0.05676724389195442,0.402520072947586,500
178,"[0.4000000059604645, 0.15000000596046448, 0.10000000149011612, 3.0, 13.0, 40.0]",0.17805612087249756,0.2209342122077942,0.24081221536820194,500
179,"[0.4000000059604645, 0.20000000298023224, 0.07000000029802322, 3.0, 21.0, 40.0]",0.15051457285881042,0.18550613522529602,0.23247954916972588,500
180,"[0.4000000059604645, 0.4000000059604645, 0.05000000074505806, 11.0, 11.0, 15.0]",0.45451125502586365,0.45230749249458313,0.0048486422688667884,500
181,"[0.4000000059604645, 0.4000000059604645, 0.07000000029802322, 3.0, 5.0, 60.0]",0.13021917641162872,0.14845775067806244,0.14006057608731143,500
182,"[0.4000000059604645, 0.5, 0.029999999329447746, 7.0, 61.0, 20.0]",0.20112840831279755,0.23539602756500244,0.170376814672263,500
183,"[0.4000000059604645, 0.550000011920929, 9.999999747378752e-05, 1.0, 23.0, 40.0]",0.42109552025794983,0.3448143005371094,0.18114944054170556,500
184,"[0.4000000059604645, 0.699999988079071, 0.0007999999797903001, 3.0, 81.0, 20.0]",0.3388524353504181,0.3541845977306366,0.04524731218735349,500
185,"[0.4000000059604645, 0.699999988079071, 0.029999999329447746, 5.0, 13.0, 40.0]",0.1420796811580658,0.16663390398025513,0.1728200745796413,500
186,"[0.4000000059604645, 0.800000011920929, 0.00800000037997961, 7.0, 47.0, 30.0]",0.13655301928520203,0.1622908115386963,0.18848203066765223,500
187,"[0.44999998807907104, 0.004999999888241291, 0.009999999776482582, 15.0, 59.0, 10.0]",0.2815438210964203,0.23188534379005432,0.1763792057278621,500
188,"[0.44999998807907104, 0.009999999776482582, 0.0005000000237487257, 1.0, 43.0, 30.0]",0.1115373894572258,0.15648187696933746,0.402954414670101,500
189,"[0.44999998807907104, 0.029999999329447746, 0.0005000000237487257, 1.0, 27.0, 10.0]",0.36517515778541565,0.35549935698509216,0.02649632738995326,500
190,"[0.44999998807907104, 0.05000000074505806, 0.00019999999494757503, 1.0, 5.0, 60.0]",0.08761172741651535,0.1065458357334137,0.21611383217848562,500
191,"[0.44999998807907104, 0.15000000596046448, 0.07000000029802322, 1.0, 5.0, 20.0]",0.5823149085044861,0.5365152955055237,0.07865093533338621,500
192,"[0.44999998807907104, 0.20000000298023224, 0.07000000029802322, 3.0, 33.0, 30.0]",0.21306800842285156,0.22730962932109833,0.06684072534050164,500
193,"[0.44999998807907104, 0.30000001192092896, 0.05000000074505806, 9.0, 63.0, 10.0]",0.40545886754989624,0.4150979518890381,0.023773272390504384,500
194,"[0.44999998807907104, 0.44999998807907104, 0.0020000000949949026, 3.0, 15.0, 30.0]",0.22160129249095917,0.2393995076417923,0.08031638330085744,500
195,"[0.44999998807907104, 0.5, 0.05000000074505806, 3.0, 51.0, 15.0]",0.4002252221107483,0.39736878871917725,0.007137064738538592,500
196,"[0.44999998807907104, 0.6000000238418579, 0.029999999329447746, 11.0, 21.0, 20.0]",0.23168054223060608,0.21834515035152435,0.05755939266671024,500
197,"[0.44999998807907104, 0.6000000238418579, 0.07000000029802322, 5.0, 19.0, 40.0]",0.16320174932479858,0.19320635497570038,0.18384976837895264,500
198,"[0.44999998807907104, 0.699999988079071, 0.0005000000237487257, 1.0, 45.0, 15.0]",0.5568408370018005,0.5894938707351685,0.05863979610903496,500
199,"[0.44999998807907104, 0.8999999761581421, 0.004999999888241291, 25.0, 11.0, 10.0]",0.3746008276939392,0.23713091015815735,0.3669770691973176,500
200,"[0.5, 0.009999999776482582, 0.00800000037997961, 7.0, 5.0, 30.0]",0.17674709856510162,0.13504207134246826,0.23595875237343453,500
201,"[0.5, 0.009999999776482582, 0.009999999776482582, 5.0, 13.0, 40.0]",0.08383706957101822,0.07477894425392151,0.10804438040358492,500
202,"[0.5, 0.009999999776482582, 0.07000000029802322, 11.0, 25.0, 10.0]",0.549082338809967,0.5208958983421326,0.051333721670207194,500
203,"[0.5, 0.029999999329447746, 0.07000000029802322, 3.0, 5.0, 60.0]",0.07617057859897614,0.10131655633449554,0.33012712909320246,500
204,"[0.5, 0.07999999821186066, 0.004999999888241291, 13.0, 55.0, 15.0]",0.09686417877674103,0.11462166905403137,0.1833235843044015,500
205,"[0.5, 0.10000000149011612, 0.009999999776482582, 3.0, 11.0, 40.0]",0.10033948719501495,0.11273357272148132,0.12352150322597122,500
206,"[0.5, 0.44999998807907104, 0.00019999999494757503, 5.0, 9.0, 40.0]",0.11048980802297592,0.12652768194675446,0.1451525055498193,500
207,"[0.5, 0.550000011920929, 9.999999747378752e-05, 3.0, 33.0, 30.0]",0.2446342557668686,0.25792405009269714,0.054325154671886616,500
208,"[0.5, 0.550000011920929, 0.0010000000474974513, 3.0, 37.0, 30.0]",0.24094484746456146,0.255353718996048,0.05980153169945032,500
209,"[0.5, 0.75, 9.999999747378752e-05, 5.0, 5.0, 40.0]",0.13724464178085327,0.17582733929157257,0.2811235047054992,500
210,"[0.550000011920929, 0.0010000000474974513, 0.00800000037997961, 1.0, 29.0, 30.0]",0.08389121294021606,0.1842624396085739,1.196444909855302,500
211,"[0.550000011920929, 0.009999999776482582, 0.004999999888241291, 1.0, 97.0, 10.0]",0.30820953845977783,0.3484770357608795,0.13064973977065705,500
212,"[0.550000011920929, 0.009999999776482582, 0.00800000037997961, 7.0, 11.0, 30.0]",0.10347244143486023,0.09687986224889755,0.06371337582654019,500
213,"[0.550000011920929, 0.029999999329447746, 0.0007999999797903001, 7.0, 5.0, 30.0]",0.08304065465927124,0.12539716064929962,0.5100694480688914,500
214,"[0.550000011920929, 0.029999999329447746, 0.0007999999797903001, 11.0, 69.0, 20.0]",0.07499443739652634,0.09812699258327484,0.3084569056751258,500
215,"[0.550000011920929, 0.029999999329447746, 0.00800000037997961, 1.0, 19.0, 30.0]",0.20474205911159515,0.23078973591327667,0.12722190859311952,500
216,"[0.550000011920929, 0.07999999821186066, 0.0007999999797903001, 1.0, 9.0, 30.0]",0.25922858715057373,0.27265483140945435,0.0517930676108313,500
217,"[0.550000011920929, 0.30000001192092896, 0.10000000149011612, 23.0, 45.0, 10.0]",0.5307779908180237,0.5761950016021729,0.08556686734219097,500
218,"[0.550000011920929, 0.4000000059604645, 0.10000000149011612, 5.0, 5.0, 30.0]",0.40467143058776855,0.4112663269042969,0.01629691560874547,500
219,"[0.550000011920929, 0.44999998807907104, 0.029999999329447746, 1.0, 23.0, 40.0]",0.34159424901008606,0.3681275546550751,0.07767491679128477,500
220,"[0.550000011920929, 0.5, 9.999999747378752e-05, 1.0, 25.0, 30.0]",0.41391828656196594,0.42148157954216003,0.018272429711407606,500
221,"[0.550000011920929, 0.75, 0.0010000000474974513, 3.0, 5.0, 60.0]",0.14184880256652832,0.17114810645580292,0.20655304305443495,500
222,"[0.550000011920929, 0.75, 0.00800000037997961, 7.0, 37.0, 30.0]",0.15438838303089142,0.1781386286020279,0.1538343984601505,500
223,"[0.550000011920929, 0.75, 0.00800000037997961, 9.0, 37.0, 10.0]",0.3539235293865204,0.35512661933898926,0.0033992934026209993,500
224,"[0.550000011920929, 0.800000011920929, 9.999999747378752e-05, 5.0, 19.0, 30.0]",0.1950855553150177,0.21973039209842682,0.126328345942015,500
225,"[0.550000011920929, 0.8999999761581421, 0.10000000149011612, 3.0, 97.0, 15.0]",0.4973863363265991,0.5129611492156982,0.03131331007400075,500
226,"[0.6000000238418579, 0.0010000000474974513, 0.07000000029802322, 19.0, 79.0, 10.0]",0.62020343542099,0.5228683948516846,0.1569405028107108,500
227,"[0.6000000238418579, 0.20000000298023224, 0.009999999776482582, 3.0, 5.0, 60.0]",0.07076595723628998,0.11154982447624207,0.5763203533101352,500
228,"[0.6000000238418579, 0.4000000059604645, 0.004999999888241291, 21.0, 63.0, 10.0]",0.16413216292858124,0.17396989464759827,0.0599378631470243,500
229,"[0.6000000238418579, 0.4000000059604645, 0.05000000074505806, 17.0, 11.0, 15.0]",0.4455760717391968,0.47161146998405457,0.05843087030891561,500
230,"[0.6000000238418579, 0.550000011920929, 0.00800000037997961, 3.0, 15.0, 30.0]",0.2473864108324051,0.2742791473865509,0.10870740788300835,500
231,"[0.6000000238418579, 0.6499999761581421, 0.10000000149011612, 3.0, 57.0, 20.0]",0.4303293526172638,0.41457393765449524,0.036612456251983595,500
232,"[0.6000000238418579, 0.75, 0.029999999329447746, 3.0, 11.0, 40.0]",0.26601529121398926,0.2574484944343567,0.032204150439982496,500
233,"[0.6000000238418579, 0.75, 0.05000000074505806, 5.0, 11.0, 40.0]",0.1930268406867981,0.21664151549339294,0.12233880790456245,500
234,"[0.6000000238418579, 0.8999999761581421, 0.00019999999494757503, 1.0, 57.0, 20.0]",0.5214459300041199,0.5712830424308777,0.09557484027273096,500
235,"[0.6000000238418579, 0.8999999761581421, 0.0007999999797903001, 5.0, 31.0, 30.0]",0.21053272485733032,0.2451561838388443,0.16445641579195236,500
236,"[0.6000000238418579, 0.8999999761581421, 0.05000000074505806, 19.0, 61.0, 10.0]",0.4094550907611847,0.41910678148269653,0.02357203684499025,500
237,"[0.6000000238418579, 0.8999999761581421, 0.07000000029802322, 11.0, 63.0, 10.0]",0.4721882939338684,0.4327925741672516,0.08343222277723832,500
238,"[0.6000000238418579, 1.0, 0.0020000000949949026, 1.0, 5.0, 40.0]",0.37684643268585205,0.4313391149044037,0.144601821978662,500
239,"[0.6499999761581421, 0.004999999888241291, 0.009999999776482582, 11.0, 11.0, 15.0]",0.3163357079029083,0.2926001250743866,0.07503288906441731,500
240,"[0.6499999761581421, 0.05000000074505806, 0.00019999999494757503, 1.0, 45.0, 30.0]",0.24654018878936768,0.20637370645999908,0.16292062116687486,500
241,"[0.6499999761581421, 0.4000000059604645, 0.00800000037997961, 1.0, 37.0, 30.0]",0.3994203209877014,0.42894139885902405,0.07390980273418185,500
242,"[0.6499999761581421, 0.550000011920929, 0.0007999999797903001, 7.0, 37.0, 30.0]",0.1528269648551941,0.17246130108833313,0.1284742844104771,500
243,"[0.6499999761581421, 0.550000011920929, 0.00800000037997961, 1.0, 17.0, 40.0]",0.353103905916214,0.3729654550552368,0.05624845334124151,500
244,"[0.6499999761581421, 0.6499999761581421, 9.999999747378752e-05, 3.0, 5.0, 60.0]",0.1738104671239853,0.1741507351398468,0.0019576956550138563,500
245,"[0.6499999761581421, 0.6499999761581421, 0.0007999999797903001, 3.0, 41.0, 30.0]",0.2893587648868561,0.2884340286254883,0.00319581205625917,500
246,"[0.6499999761581421, 0.6499999761581421, 0.0010000000474974513, 7.0, 57.0, 15.0]",0.2596817910671234,0.2786194980144501,0.07292658503408785,500
247,"[0.6499999761581421, 0.699999988079071, 0.009999999776482582, 7.0, 61.0, 20.0]",0.22179776430130005,0.2516452968120575,0.1345709288778129,500
248,"[0.6499999761581421, 0.75, 0.00800000037997961, 3.0, 15.0, 30.0]",0.2957582473754883,0.3047214448451996,0.030305823239727244,500
249,"[0.6499999761581421, 0.75, 0.07000000029802322, 5.0, 51.0, 20.0]",0.3354412317276001,0.3517264425754547,0.04854862438495042,500
250,"[0.699999988079071, 0.004999999888241291, 0.07000000029802322, 3.0, 5.0, 40.0]",0.26148322224617004,0.26789140701293945,0.024507058107406696,500
251,"[0.699999988079071, 0.029999999329447746, 0.10000000149011612, 11.0, 37.0, 15.0]",0.5259474515914917,0.4940923750400543,0.060567031648076496,500
252,"[0.699999988079071, 0.05000000074505806, 0.00019999999494757503, 7.0, 15.0, 20.0]",0.11032930016517639,0.1470840573310852,0.33313683472580835,500
253,"[0.699999988079071, 0.05000000074505806, 0.0020000000949949026, 1.0, 37.0, 30.0]",0.2403908669948578,0.260413259267807,0.08329098226709127,500
254,"[0.699999988079071, 0.10000000149011612, 0.004999999888241291, 7.0, 75.0, 15.0]",0.16023705899715424,0.17600643634796143,0.09841279205554646,500
255,"[0.699999988079071, 0.20000000298023224, 0.00019999999494757503, 19.0, 23.0, 10.0]",0.13452471792697906,0.15829139947891235,0.17667147087510934,500
256,"[0.699999988079071, 0.25, 0.0005000000237487257, 5.0, 25.0, 30.0]",0.1441251039505005,0.17245393991470337,0.19655724937662405,500
257,"[0.699999988079071, 0.25, 0.0007999999797903001, 1.0, 89.0, 20.0]",0.4360988140106201,0.41830775141716003,0.04079594260274094,500
258,"[0.699999988079071, 0.3499999940395355, 0.00019999999494757503, 5.0, 7.0, 40.0]",0.11525776982307434,0.14580336213111877,0.26501978742721954,500
259,"[0.699999988079071, 0.3499999940395355, 0.0010000000474974513, 15.0, 9.0, 10.0]",0.317857027053833,0.4000227153301239,0.2584988806221557,500
260,"[0.699999988079071, 0.3499999940395355, 0.10000000149011612, 3.0, 5.0, 60.0]",0.2513156235218048,0.1982683390378952,0.21107833102355364,500
261,"[0.699999988079071, 0.44999998807907104, 0.0010000000474974513, 3.0, 5.0, 40.0]",0.20350562036037445,0.23677630722522736,0.16348779542824482,500
262,"[0.699999988079071, 0.44999998807907104, 0.00800000037997961, 5.0, 47.0, 30.0]",0.1846490055322647,0.21668405830860138,0.1734915980136326,500
263,"[0.699999988079071, 0.44999998807907104, 0.009999999776482582, 9.0, 31.0, 15.0]",0.23897501826286316,0.24138647317886353,0.010090823855235034,500
264,"[0.699999988079071, 0.699999988079071, 0.10000000149011612, 5.0, 21.0, 20.0]",0.4109613597393036,0.41257622838020325,0.003929490117098019,500
265,"[0.699999988079071, 0.75, 0.009999999776482582, 7.0, 85.0, 15.0]",0.2887413203716278,0.2888314723968506,0.0003122241803996232,500
266,"[0.699999988079071, 0.75, 0.05000000074505806, 9.0, 25.0, 10.0]",0.5118281245231628,0.5117117762565613,0.00022731901346133824,500
267,"[0.75, 0.009999999776482582, 0.0007999999797903001, 9.0, 45.0, 20.0]",0.11586074531078339,0.1267884373664856,0.09431745914645481,500
268,"[0.75, 0.009999999776482582, 0.004999999888241291, 7.0, 97.0, 15.0]",0.1344803273677826,0.15377886593341827,0.14350453711948397,500
269,"[0.75, 0.009999999776482582, 0.004999999888241291, 13.0, 21.0, 10.0]",0.3087468147277832,0.222983255982399,0.2777795652505916,500
270,"[0.75, 0.05000000074505806, 0.0005000000237487257, 13.0, 47.0, 20.0]",0.10773692280054092,0.11038066446781158,0.02453886145213693,500
271,"[0.75, 0.20000000298023224, 0.00800000037997961, 13.0, 9.0, 20.0]",0.2555571496486664,0.19812951982021332,0.22471540185922845,500
272,"[0.75, 0.30000001192092896, 0.009999999776482582, 5.0, 69.0, 10.0]",0.34347379207611084,0.34214264154434204,0.003875551857878894,500
273,"[0.75, 0.44999998807907104, 0.07000000029802322, 3.0, 25.0, 15.0]",0.49924135208129883,0.47311311960220337,0.05233587291359207,500
274,"[0.75, 0.5, 0.029999999329447746, 5.0, 21.0, 40.0]",0.1484667807817459,0.20340019464492798,0.37000472343971597,500
275,"[0.75, 0.550000011920929, 0.0005000000237487257, 1.0, 23.0, 40.0]",0.35872894525527954,0.38077211380004883,0.06144797686900651,500
276,"[0.75, 0.6499999761581421, 0.07000000029802322, 1.0, 15.0, 40.0]",0.38389360904693604,0.406566321849823,0.059059884504396844,500
277,"[0.75, 0.800000011920929, 0.004999999888241291, 15.0, 41.0, 10.0]",0.2852710783481598,0.27081456780433655,0.05067639566116759,500
278,"[0.75, 1.0, 0.00800000037997961, 5.0, 91.0, 20.0]",0.30990365147590637,0.35548046231269836,0.14706767457904135,500
279,"[0.800000011920929, 0.004999999888241291, 9.999999747378752e-05, 3.0, 45.0, 30.0]",0.15174375474452972,0.13474997878074646,0.11198994563231884,500
280,"[0.800000011920929, 0.009999999776482582, 0.05000000074505806, 15.0, 11.0, 10.0]",0.6307657957077026,0.6203605532646179,0.016496205642299058,500
281,"[0.800000011920929, 0.029999999329447746, 0.0007999999797903001, 1.0, 21.0, 40.0]",0.16441363096237183,0.20910882949829102,0.27184604801829226,500
282,"[0.800000011920929, 0.10000000149011612, 0.05000000074505806, 1.0, 53.0, 10.0]",0.584648609161377,0.566902756690979,0.030353022120966765,500
283,"[0.800000011920929, 0.10000000149011612, 0.05000000074505806, 3.0, 35.0, 20.0]",0.3155253827571869,0.3460444509983063,0.09672460265220362,500
284,"[0.800000011920929, 0.10000000149011612, 0.07000000029802322, 1.0, 7.0, 30.0]",0.42543622851371765,0.39188316464424133,0.07886743260681223,500
285,"[0.800000011920929, 0.15000000596046448, 0.0010000000474974513, 11.0, 95.0, 10.0]",0.1594536453485489,0.1848883479833603,0.1595115682937078,500
286,"[0.800000011920929, 0.15000000596046448, 0.00800000037997961, 1.0, 9.0, 10.0]",0.6363269686698914,0.5583445429801941,0.12255087133458216,500
287,"[0.800000011920929, 0.30000001192092896, 9.999999747378752e-05, 9.0, 75.0, 15.0]",0.1837964802980423,0.19619566202163696,0.06746147167167497,500
288,"[0.800000011920929, 0.30000001192092896, 0.00019999999494757503, 9.0, 85.0, 10.0]",0.237162247300148,0.23263566195964813,0.01908644904982127,500
289,"[0.800000011920929, 0.30000001192092896, 0.00800000037997961, 3.0, 23.0, 40.0]",0.17364370822906494,0.22220659255981445,0.27966968702367334,500
290,"[0.800000011920929, 0.3499999940395355, 0.009999999776482582, 5.0, 5.0, 40.0]",0.17257826030254364,0.18967416882514954,0.0990617676990005,500
291,"[0.800000011920929, 0.4000000059604645, 0.00019999999494757503, 5.0, 5.0, 30.0]",0.17946475744247437,0.25269654393196106,0.40805662043364815,500
292,"[0.800000011920929, 0.44999998807907104, 0.004999999888241291, 1.0, 39.0, 30.0]",0.4063832461833954,0.4441816210746765,0.09301164434349436,500
293,"[0.800000011920929, 0.5, 0.00019999999494757503, 5.0, 29.0, 30.0]",0.21269424259662628,0.23180265724658966,0.08983982602577609,500
294,"[0.800000011920929, 0.550000011920929, 9.999999747378752e-05, 1.0, 13.0, 40.0]",0.4434186518192291,0.3807345926761627,0.14136540597071476,500
295,"[0.800000011920929, 0.6499999761581421, 0.0007999999797903001, 9.0, 53.0, 15.0]",0.2215929925441742,0.2581124007701874,0.16480397759280824,500
296,"[0.800000011920929, 0.699999988079071, 0.004999999888241291, 21.0, 31.0, 10.0]",0.2724789083003998,0.24898619949817657,0.08621844562786764,500
297,"[0.8999999761581421, 0.05000000074505806, 0.029999999329447746, 1.0, 15.0, 40.0]",0.23587393760681152,0.255965918302536,0.08518100832914655,500
298,"[0.8999999761581421, 0.07999999821186066, 0.07000000029802322, 1.0, 17.0, 15.0]",0.560514509677887,0.552729070186615,0.013889808770245702,500
299,"[0.8999999761581421, 0.15000000596046448, 0.029999999329447746, 1.0, 49.0, 20.0]",0.48244333267211914,0.39673975110054016,0.17764486311882913,500
300,"[0.8999999761581421, 0.25, 0.05000000074505806, 5.0, 9.0, 30.0]",0.29148995876312256,0.3205239474773407,0.09960544727291258,500
301,"[0.8999999761581421, 0.25, 0.07000000029802322, 7.0, 77.0, 15.0]",0.39466992020606995,0.42764192819595337,0.08354324833581234,500
302,"[0.8999999761581421, 0.550000011920929, 0.0010000000474974513, 7.0, 21.0, 30.0]",0.18056058883666992,0.19569210708141327,0.08380299103034598,500
303,"[0.8999999761581421, 0.6499999761581421, 0.0010000000474974513, 17.0, 23.0, 10.0]",0.2436651736497879,0.23924098908901215,0.018156818690742847,500
304,"[0.8999999761581421, 0.699999988079071, 0.10000000149011612, 9.0, 43.0, 10.0]",0.5609256625175476,0.5745645761489868,0.02431501052577075,500
305,"[0.8999999761581421, 0.75, 0.0020000000949949026, 5.0, 5.0, 15.0]",0.4416118264198303,0.4385187029838562,0.0070041678707034455,500
306,"[0.8999999761581421, 0.75, 0.004999999888241291, 1.0, 5.0, 60.0]",0.343498557806015,0.3828948736190796,0.11469135392527452,500
307,"[0.8999999761581421, 1.0, 0.0010000000474974513, 9.0, 17.0, 10.0]",0.38158369064331055,0.40458664298057556,0.06028284829379353,500
308,"[1.0, 0.004999999888241291, 9.999999747378752e-05, 9.0, 7.0, 20.0]",0.1277030110359192,0.2339174896478653,0.8317303517985767,500
309,"[1.0, 0.07999999821186066, 0.00019999999494757503, 7.0, 49.0, 20.0]",0.15656490623950958,0.18258827924728394,0.16621458774304435,500
310,"[1.0, 0.10000000149011612, 0.07000000029802322, 9.0, 43.0, 20.0]",0.3723856210708618,0.38592442870140076,0.03635695499744624,500
311,"[1.0, 0.20000000298023224, 0.10000000149011612, 5.0, 7.0, 10.0]",0.7130695581436157,0.7557802796363831,0.059896990982183075,500
312,"[1.0, 0.30000001192092896, 0.0007999999797903001, 9.0, 5.0, 20.0]",0.2256806492805481,0.1784265786409378,0.20938467119979395,500
313,"[1.0, 0.4000000059604645, 0.00800000037997961, 3.0, 17.0, 40.0]",0.23211809992790222,0.263626366853714,0.13574238966360053,500
314,"[1.0, 0.5, 0.0005000000237487257, 1.0, 93.0, 10.0]",0.5981738567352295,0.6489371061325073,0.08486370304730687,500
315,"[1.0, 0.550000011920929, 0.00019999999494757503, 7.0, 23.0, 30.0]",0.20632602274417877,0.2147604078054428,0.04087891842384103,500
316,"[1.0, 0.6499999761581421, 0.00019999999494757503, 1.0, 5.0, 60.0]",0.37593597173690796,0.3698157072067261,0.016280071149095385,500
317,"[1.0, 0.6499999761581421, 0.009999999776482582, 13.0, 51.0, 15.0]",0.23281098902225494,0.24663496017456055,0.059378513946345544,500
318,"[1.0, 0.6499999761581421, 0.10000000149011612, 23.0, 21.0, 10.0]",0.593754768371582,0.6529933214187622,0.09976939168329127,500
319,"[1.0, 0.800000011920929, 0.00800000037997961, 1.0, 5.0, 40.0]",0.39828190207481384,0.4410466253757477,0.1073729988845209,500
320,"[1.0, 1.0, 0.00019999999494757503, 11.0, 43.0, 10.0]",0.31074878573417664,0.3636654317378998,0.17028753362889795,500
321,"[1.0, 1.0, 0.004999999888241291, 5.0, 13.0, 40.0]",0.21225154399871826,0.25163984298706055,0.18557366599341904,500
322,"[1.2000000476837158, 0.0010000000474974513, 0.009999999776482582, 17.0, 87.0, 10.0]",0.38067927956581116,0.3164195716381073,0.1688027420693049,500
323,"[1.2000000476837158, 0.009999999776482582, 0.00019999999494757503, 11.0, 89.0, 15.0]",0.18024693429470062,0.18869659304618835,0.04687823577010375,500
324,"[1.2000000476837158, 0.029999999329447746, 0.009999999776482582, 1.0, 41.0, 30.0]",0.26888030767440796,0.3151213228702545,0.17197619965564248,500
325,"[1.2000000476837158, 0.029999999329447746, 0.10000000149011612, 3.0, 19.0, 40.0]",0.26239529252052307,0.3143506944179535,0.1980043140953972,500
326,"[1.2000000476837158, 0.05000000074505806, 0.00019999999494757503, 3.0, 9.0, 30.0]",0.20040546357631683,0.1873788982629776,0.06500104553470971,500
327,"[1.2000000476837158, 0.10000000149011612, 0.0020000000949949026, 5.0, 33.0, 20.0]",0.1936149001121521,0.2537277936935425,0.31047657200868356,500
328,"[1.2000000476837158, 0.15000000596046448, 0.0005000000237487257, 5.0, 15.0, 40.0]",0.1763993799686432,0.18597550690174103,0.054286621596594496,500
329,"[1.2000000476837158, 0.20000000298023224, 0.0020000000949949026, 5.0, 33.0, 30.0]",0.20570509135723114,0.2499338537454605,0.21501052767486264,500
330,"[1.2000000476837158, 0.30000001192092896, 0.0010000000474974513, 1.0, 5.0, 60.0]",0.2817651331424713,0.3303036689758301,0.17226593499826845,500
331,"[1.2000000476837158, 0.4000000059604645, 0.0005000000237487257, 1.0, 19.0, 10.0]",0.5801674723625183,0.6242198348045349,0.07593042316441036,500
332,"[1.2000000476837158, 0.4000000059604645, 0.0007999999797903001, 1.0, 13.0, 30.0]",0.415670245885849,0.42530322074890137,0.023174558984316085,500
333,"[1.2000000476837158, 0.44999998807907104, 0.0007999999797903001, 15.0, 77.0, 15.0]",0.18114537000656128,0.2204265594482422,0.21684897202599426,500
334,"[1.2000000476837158, 0.5, 0.004999999888241291, 13.0, 65.0, 10.0]",0.27787354588508606,0.31567710638046265,0.13604590899254249,500
335,"[1.2000000476837158, 0.550000011920929, 0.05000000074505806, 5.0, 5.0, 40.0]",0.3186921775341034,0.30405738949775696,0.04592138938071822,500
336,"[1.2000000476837158, 0.699999988079071, 0.004999999888241291, 1.0, 17.0, 30.0]",0.4558843970298767,0.4741678535938263,0.040105465951484856,500
337,"[1.2000000476837158, 0.75, 0.00019999999494757503, 15.0, 83.0, 15.0]",0.22120563685894012,0.245905339717865,0.11165945901315773,500
338,"[1.2000000476837158, 0.800000011920929, 9.999999747378752e-05, 1.0, 5.0, 60.0]",0.4326000511646271,0.3949238061904907,0.08709255581866078,500
339,"[1.2000000476837158, 1.0, 0.05000000074505806, 7.0, 47.0, 30.0]",0.292707622051239,0.3371064066886902,0.15168304402011315,500
340,"[1.399999976158142, 0.0010000000474974513, 0.10000000149011612, 13.0, 15.0, 20.0]",0.5839570760726929,0.5001654624938965,0.14348933436585737,500
341,"[1.399999976158142, 0.004999999888241291, 0.0005000000237487257, 5.0, 59.0, 20.0]",0.22010929882526398,0.25315478444099426,0.15013215839028318,500
342,"[1.399999976158142, 0.029999999329447746, 0.0020000000949949026, 3.0, 5.0, 60.0]",0.07514718174934387,0.15064500272274017,1.0046658992291018,500
343,"[1.399999976158142, 0.029999999329447746, 0.00800000037997961, 1.0, 5.0, 60.0]",0.11647363752126694,0.1691376119852066,0.4521535607814098,500
344,"[1.399999976158142, 0.15000000596046448, 0.00019999999494757503, 9.0, 65.0, 10.0]",0.23780682682991028,0.29517409205436707,0.24123471801396668,500
345,"[1.399999976158142, 0.20000000298023224, 0.07000000029802322, 9.0, 73.0, 10.0]",0.5362327098846436,0.5296446084976196,0.01228589965274999,500
346,"[1.399999976158142, 0.4000000059604645, 0.07000000029802322, 3.0, 17.0, 15.0]",0.5597453117370605,0.5216524600982666,0.06805389908499851,500
347,"[1.399999976158142, 0.4000000059604645, 0.10000000149011612, 7.0, 19.0, 20.0]",0.5271375775337219,0.48156267404556274,0.08645732075640246,500
348,"[1.399999976158142, 0.44999998807907104, 0.0005000000237487257, 7.0, 87.0, 15.0]",0.31105273962020874,0.32006776332855225,0.02898229872377187,500
349,"[1.399999976158142, 0.44999998807907104, 0.0010000000474974513, 3.0, 5.0, 60.0]",0.23120379447937012,0.23332197964191437,0.009161549773430533,500
350,"[1.399999976158142, 0.5, 0.00800000037997961, 9.0, 41.0, 20.0]",0.258539617061615,0.2848663926124573,0.1018287828835156,500
351,"[1.399999976158142, 0.6000000238418579, 0.10000000149011612, 1.0, 13.0, 40.0]",0.43486082553863525,0.45900803804397583,0.05552859796038177,500
352,"[1.399999976158142, 0.699999988079071, 0.05000000074505806, 9.0, 27.0, 20.0]",0.3500013053417206,0.3744864761829376,0.0699573680667776,500
353,"[1.399999976158142, 0.8999999761581421, 9.999999747378752e-05, 19.0, 47.0, 10.0]",0.26549699902534485,0.27885907888412476,0.05032855137552355,500
354,"[1.399999976158142, 0.8999999761581421, 0.0007999999797903001, 1.0, 11.0, 30.0]",0.4569387137889862,0.5069568753242493,0.10946360842545136,500
355,"[1.399999976158142, 1.0, 0.0005000000237487257, 1.0, 15.0, 40.0]",0.44498130679130554,0.4455336630344391,0.0012413021003140178,500
356,"[1.600000023841858, 0.004999999888241291, 0.0007999999797903001, 5.0, 17.0, 40.0]",0.16845391690731049,0.1834326833486557,0.08891906954230329,500
357,"[1.600000023841858, 0.029999999329447746, 0.0010000000474974513, 1.0, 35.0, 10.0]",0.434866338968277,0.30984851717948914,0.28748561962863617,500
358,"[1.600000023841858, 0.029999999329447746, 0.00800000037997961, 5.0, 13.0, 40.0]",0.21199309825897217,0.20900751650333405,0.014083390635467812,500
359,"[1.600000023841858, 0.05000000074505806, 0.00800000037997961, 7.0, 43.0, 20.0]",0.24505645036697388,0.2788275182247162,0.13780933506984425,500
360,"[1.600000023841858, 0.07999999821186066, 9.999999747378752e-05, 1.0, 19.0, 30.0]",0.34338271617889404,0.32954779267311096,0.0402900974656932,500
361,"[1.600000023841858, 0.07999999821186066, 0.0020000000949949026, 5.0, 29.0, 30.0]",0.21524909138679504,0.2443072646856308,0.13499788436570168,500
362,"[1.600000023841858, 0.20000000298023224, 0.0005000000237487257, 1.0, 23.0, 40.0]",0.35198745131492615,0.3532816171646118,0.0036767384975903102,500
363,"[1.600000023841858, 0.20000000298023224, 0.009999999776482582, 1.0, 37.0, 30.0]",0.3936825096607208,0.4131341576576233,0.04940947851498734,500
364,"[1.600000023841858, 0.30000001192092896, 0.0010000000474974513, 21.0, 35.0, 10.0]",0.23794327676296234,0.3192218244075775,0.34158790000066014,500
365,"[1.600000023841858, 0.3499999940395355, 0.0007999999797903001, 1.0, 5.0, 60.0]",0.32836419343948364,0.3489972651004791,0.0628359347482835,500
366,"[1.600000023841858, 0.4000000059604645, 0.0005000000237487257, 9.0, 27.0, 20.0]",0.252888947725296,0.28821367025375366,0.1396847171430458,500
367,"[1.600000023841858, 0.44999998807907104, 0.00019999999494757503, 9.0, 19.0, 10.0]",0.32935357093811035,0.41058194637298584,0.24662970174336532,500
368,"[1.600000023841858, 0.5, 0.0020000000949949026, 3.0, 17.0, 40.0]",0.3012275993824005,0.33281663060188293,0.10486764903206791,500
369,"[1.600000023841858, 0.8999999761581421, 0.10000000149011612, 1.0, 21.0, 40.0]",0.45507699251174927,0.49386394023895264,0.0852316146786652,500
370,"[1.600000023841858, 1.0, 0.0005000000237487257, 17.0, 67.0, 10.0]",0.2843106985092163,0.3464219570159912,0.21846260674617357,500
371,"[1.600000023841858, 1.0, 0.0020000000949949026, 5.0, 35.0, 30.0]",0.3491708040237427,0.3491189479827881,0.00014851195710493653,500
372,"[1.7000000476837158, 0.004999999888241291, 0.07000000029802322, 13.0, 51.0, 15.0]",0.5237556099891663,0.5193405151367188,0.008429684921641192,500
373,"[1.7000000476837158, 0.009999999776482582, 0.029999999329447746, 13.0, 83.0, 15.0]",0.4464288353919983,0.3911550045013428,0.1238133052135574,500
374,"[1.7000000476837158, 0.009999999776482582, 0.05000000074505806, 1.0, 9.0, 30.0]",0.37412717938423157,0.3524315059185028,0.05799010091043432,500
375,"[1.7000000476837158, 0.029999999329447746, 0.029999999329447746, 1.0, 19.0, 40.0]",0.26103174686431885,0.32021957635879517,0.22674570406864877,500
376,"[1.7000000476837158, 0.05000000074505806, 0.00800000037997961, 9.0, 31.0, 20.0]",0.2379707396030426,0.2765513062477112,0.16212314626492777,500
377,"[1.7000000476837158, 0.05000000074505806, 0.029999999329447746, 15.0, 29.0, 10.0]",0.5071374773979187,0.46466904878616333,0.08374145013348831,500
378,"[1.7000000476837158, 0.05000000074505806, 0.05000000074505806, 9.0, 39.0, 15.0]",0.4525304436683655,0.4381456673145294,0.03178742168008403,500
379,"[1.7000000476837158, 0.05000000074505806, 0.10000000149011612, 5.0, 41.0, 20.0]",0.45809563994407654,0.4977102279663086,0.08647667365334757,500
380,"[1.7000000476837158, 0.10000000149011612, 0.05000000074505806, 3.0, 37.0, 30.0]",0.34422698616981506,0.36196398735046387,0.05152704865686576,500
381,"[1.7000000476837158, 0.20000000298023224, 9.999999747378752e-05, 17.0, 23.0, 10.0]",0.23404569923877716,0.2363632321357727,0.009902052485957605,500
382,"[1.7000000476837158, 0.20000000298023224, 0.009999999776482582, 1.0, 91.0, 15.0]",0.5049186944961548,0.5236794352531433,0.03715596310837678,500
383,"[1.7000000476837158, 0.25, 0.00800000037997961, 13.0, 81.0, 20.0]",0.23042050004005432,0.2998146712779999,0.3011631700054942,500
384,"[1.7000000476837158, 0.30000001192092896, 9.999999747378752e-05, 11.0, 37.0, 20.0]",0.24974660575389862,0.27352070808410645,0.09519289083634641,500
385,"[1.7000000476837158, 0.44999998807907104, 0.0007999999797903001, 1.0, 21.0, 30.0]",0.4456888735294342,0.42490023374557495,0.04664383733162222,500
386,"[1.7000000476837158, 0.5, 0.004999999888241291, 5.0, 13.0, 15.0]",0.41873595118522644,0.4300752282142639,0.027079778380967822,500
387,"[1.7000000476837158, 0.5, 0.07000000029802322, 5.0, 47.0, 20.0]",0.4290301203727722,0.44646644592285156,0.040641261104271194,500
388,"[1.7000000476837158, 0.5, 0.07000000029802322, 9.0, 31.0, 20.0]",0.4188159704208374,0.4561975300312042,0.08925533255155364,500
389,"[1.7000000476837158, 0.6000000238418579, 0.10000000149011612, 7.0, 17.0, 30.0]",0.40357476472854614,0.44527268409729004,0.10332142140645657,500
390,"[1.7000000476837158, 0.6499999761581421, 0.10000000149011612, 9.0, 85.0, 15.0]",0.4849386215209961,0.5395083427429199,0.11252912775945992,500
391,"[1.7000000476837158, 0.699999988079071, 9.999999747378752e-05, 5.0, 21.0, 30.0]",0.3325763940811157,0.3230735659599304,0.028573368418727485,500
392,"[1.7000000476837158, 0.699999988079071, 0.004999999888241291, 3.0, 29.0, 10.0]",0.5374916195869446,0.5253567099571228,0.022576927642849617,500
393,"[1.7000000476837158, 0.699999988079071, 0.029999999329447746, 1.0, 17.0, 40.0]",0.4415185749530792,0.4552308917045593,0.03105716773607011,500
394,"[1.7000000476837158, 0.75, 0.0007999999797903001, 5.0, 37.0, 30.0]",0.3395700454711914,0.3524914085865021,0.03805212770419592,500
395,"[1.7000000476837158, 0.75, 0.00800000037997961, 3.0, 5.0, 60.0]",0.2564240097999573,0.2923581302165985,0.14013554753830915,500
396,"[1.7000000476837158, 0.75, 0.05000000074505806, 13.0, 77.0, 15.0]",0.40626490116119385,0.4381721615791321,0.0785380660287405,500
397,"[2.0, 0.0010000000474974513, 0.004999999888241291, 17.0, 39.0, 15.0]",0.29867982864379883,0.28063347935676575,0.06042037979187102,500
398,"[2.0, 0.0010000000474974513, 0.10000000149011612, 5.0, 23.0, 30.0]",0.4261624217033386,0.44083917140960693,0.03443933255122106,500
399,"[2.0, 0.004999999888241291, 0.0005000000237487257, 9.0, 99.0, 20.0]",0.3181929290294647,0.28422123193740845,0.1067644593109921,500
400,"[2.0, 0.004999999888241291, 0.00800000037997961, 17.0, 23.0, 15.0]",0.361384779214859,0.2636983394622803,0.27031143165934385,500
401,"[2.0, 0.07999999821186066, 0.0010000000474974513, 3.0, 15.0, 40.0]",0.27166101336479187,0.22874698042869568,0.15796904688263053,500
402,"[2.0, 0.10000000149011612, 0.00800000037997961, 3.0, 11.0, 15.0]",0.4385870397090912,0.4143728017807007,0.055209650956295854,500
403,"[2.0, 0.15000000596046448, 0.0010000000474974513, 5.0, 51.0, 20.0]",0.2925664186477661,0.31434404850006104,0.07443653037346261,500
404,"[2.0, 0.25, 0.0005000000237487257, 1.0, 61.0, 20.0]",0.4999544024467468,0.4425344467163086,0.11485038295677484,500
405,"[2.0, 0.25, 0.0020000000949949026, 1.0, 47.0, 30.0]",0.4311366081237793,0.4336206912994385,0.00576170770756939,500
406,"[2.0, 0.25, 0.004999999888241291, 3.0, 23.0, 40.0]",0.2893739342689514,0.31932199001312256,0.10349257884924383,500
407,"[2.0, 0.30000001192092896, 0.004999999888241291, 13.0, 49.0, 10.0]",0.3422943651676178,0.3387082815170288,0.010476607010655444,500
408,"[2.0, 0.3499999940395355, 0.009999999776482582, 15.0, 91.0, 10.0]",0.3363247811794281,0.3862624764442444,0.14848056573437282,500
409,"[2.0, 0.4000000059604645, 0.009999999776482582, 5.0, 9.0, 40.0]",0.29129138588905334,0.3206648826599121,0.100838875385274,500
410,"[2.0, 0.4000000059604645, 0.05000000074505806, 11.0, 63.0, 15.0]",0.435523122549057,0.4618602991104126,0.060472509019687926,500
411,"[2.0, 0.550000011920929, 0.0007999999797903001, 3.0, 97.0, 10.0]",0.5168255567550659,0.5780571103096008,0.11847624710012417,500
412,"[2.0, 0.550000011920929, 0.0020000000949949026, 13.0, 83.0, 15.0]",0.28715598583221436,0.3491022288799286,0.21572331397150946,500
413,"[2.0, 0.75, 0.0020000000949949026, 15.0, 13.0, 10.0]",0.4181947112083435,0.41815924644470215,8.480442684423309e-05,500
